Fecha,Producto_Descripcion,Cliente_Descripcion,Pronostico_Demanda,Cluster_Grupo
2025-10-01,ANALGESICO + ANTIPERETICO TABLETAS 1,Cliente 1,360219.2859131939,0
2025-11-01,ANALGESICO + ANTIPERETICO TABLETAS 1,Cliente 1,362069.07569768047,0
2025-12-01,ANALGESICO + ANTIPERETICO TABLETAS 1,Cliente 1,330272.80776277673,0
2026-01-01,ANALGESICO + ANTIPERETICO TABLETAS 1,Cliente 1,404764.07590275304,0
2026-02-01,ANALGESICO + ANTIPERETICO TABLETAS 1,Cliente 1,371530.63003686274,0
2026-03-01,ANALGESICO + ANTIPERETICO TABLETAS 1,Cliente 1,379012.61106974474,0
2026-04-01,ANALGESICO + ANTIPERETICO TABLETAS 1,Cliente 1,379075.58157556684,0
2026-05-01,ANALGESICO + ANTIPERETICO TABLETAS 1,Cliente 1,411277.47687859664,0
2026-06-01,ANALGESICO + ANTIPERETICO TABLETAS 1,Cliente 1,382969.63446568116,0
2026-07-01,ANALGESICO + ANTIPERETICO TABLETAS 1,Cliente 1,418703.63834988466,0
2026-08-01,ANALGESICO + ANTIPERETICO TABLETAS 1,Cliente 1,448136.714609901,0
2026-09-01,ANALGESICO + ANTIPERETICO TABLETAS 1,Cliente 1,408170.3265917885,0
2025-10-01,ANALGESICO + ANTIPERETICO TABLETAS 1,Cliente 2,131614.756928505,0
2025-11-01,ANALGESICO + ANTIPERETICO TABLETAS 1,Cliente 2,235766.0106143841,0
2025-12-01,ANALGESICO + ANTIPERETICO TABLETAS 1,Cliente 2,210449.05326239136,0
2026-01-01,ANALGESICO + ANTIPERETICO TABLETAS 1,Cliente 2,183227.17941831055,0
2026-02-01,ANALGESICO + ANTIPERETICO TABLETAS 1,Cliente 2,123240.88196716637,0
2026-03-01,ANALGESICO + ANTIPERETICO TABLETAS 1,Cliente 2,248477.6968068074,0
2026-04-01,ANALGESICO + ANTIPERETICO TABLETAS 1,Cliente 2,229081.7548699187,0
2026-05-01,ANALGESICO + ANTIPERETICO TABLETAS 1,Cliente 2,133302.698552795,0
2026-06-01,ANALGESICO + ANTIPERETICO TABLETAS 1,Cliente 2,117937.64539241884,0
2026-07-01,ANALGESICO + ANTIPERETICO TABLETAS 1,Cliente 2,144110.2721543608,0
2026-08-01,ANALGESICO + ANTIPERETICO TABLETAS 1,Cliente 2,150609.86505371594,0
2026-09-01,ANALGESICO + ANTIPERETICO TABLETAS 1,Cliente 2,111865.49393162077,0
2025-10-01,ANALGESICO + ANTIPERETICO TABLETAS 1,Cliente 3,249963.6687389766,0
2025-11-01,ANALGESICO + ANTIPERETICO TABLETAS 1,Cliente 3,327717.69764466933,0
2025-12-01,ANALGESICO + ANTIPERETICO TABLETAS 1,Cliente 3,129959.63469852414,0
2026-01-01,ANALGESICO + ANTIPERETICO TABLETAS 1,Cliente 3,273086.5426103097,0
2026-02-01,ANALGESICO + ANTIPERETICO TABLETAS 1,Cliente 3,294507.1802119647,0
2026-03-01,ANALGESICO + ANTIPERETICO TABLETAS 1,Cliente 3,195594.7355137259,0
2026-04-01,ANALGESICO + ANTIPERETICO TABLETAS 1,Cliente 3,187986.84852550944,0
2026-05-01,ANALGESICO + ANTIPERETICO TABLETAS 1,Cliente 3,154894.21055022776,0
2026-06-01,ANALGESICO + ANTIPERETICO TABLETAS 1,Cliente 3,381129.41525402974,0
2026-07-01,ANALGESICO + ANTIPERETICO TABLETAS 1,Cliente 3,328733.18001687346,0
2026-08-01,ANALGESICO + ANTIPERETICO TABLETAS 1,Cliente 3,280233.7052172167,0
2026-09-01,ANALGESICO + ANTIPERETICO TABLETAS 1,Cliente 3,146756.36678997273,0
2025-10-01,ANALGESICO + ANTIPERETICO TABLETAS 1,Cliente 5,110754.26315602036,0
2025-11-01,ANALGESICO + ANTIPERETICO TABLETAS 1,Cliente 5,85643.98604086782,0
2025-12-01,ANALGESICO + ANTIPERETICO TABLETAS 1,Cliente 5,78676.17389091245,0
2026-01-01,ANALGESICO + ANTIPERETICO TABLETAS 1,Cliente 5,121405.27183820501,0
2026-02-01,ANALGESICO + ANTIPERETICO TABLETAS 1,Cliente 5,69818.53064421647,0
2026-03-01,ANALGESICO + ANTIPERETICO TABLETAS 1,Cliente 5,96137.51822726302,0
2026-04-01,ANALGESICO + ANTIPERETICO TABLETAS 1,Cliente 5,107514.3048409734,0
2026-05-01,ANALGESICO + ANTIPERETICO TABLETAS 1,Cliente 5,79351.46116456455,0
2026-06-01,ANALGESICO + ANTIPERETICO TABLETAS 1,Cliente 5,102024.3074894488,0
2026-07-01,ANALGESICO + ANTIPERETICO TABLETAS 1,Cliente 5,103329.87431350643,0
2026-08-01,ANALGESICO + ANTIPERETICO TABLETAS 1,Cliente 5,101978.85906899598,0
2026-09-01,ANALGESICO + ANTIPERETICO TABLETAS 1,Cliente 5,75951.5017856066,0
2025-10-01,ANALGESICO + ANTIPERETICO TABLETAS 1,Cliente Otros,203163.30381114795,0
2025-11-01,ANALGESICO + ANTIPERETICO TABLETAS 1,Cliente Otros,145336.066730376,0
2025-12-01,ANALGESICO + ANTIPERETICO TABLETAS 1,Cliente Otros,125873.67218723829,0
2026-01-01,ANALGESICO + ANTIPERETICO TABLETAS 1,Cliente Otros,222017.73518235757,0
2026-02-01,ANALGESICO + ANTIPERETICO TABLETAS 1,Cliente Otros,196665.9236711339,0
2026-03-01,ANALGESICO + ANTIPERETICO TABLETAS 1,Cliente Otros,176030.27727233767,0
2026-04-01,ANALGESICO + ANTIPERETICO TABLETAS 1,Cliente Otros,162333.95621002547,0
2026-05-01,ANALGESICO + ANTIPERETICO TABLETAS 1,Cliente Otros,166318.67836737237,0
2026-06-01,ANALGESICO + ANTIPERETICO TABLETAS 1,Cliente Otros,200984.85194459,0
2026-07-01,ANALGESICO + ANTIPERETICO TABLETAS 1,Cliente Otros,140865.2087177134,0
2026-08-01,ANALGESICO + ANTIPERETICO TABLETAS 1,Cliente Otros,192617.25161668818,0
2026-09-01,ANALGESICO + ANTIPERETICO TABLETAS 1,Cliente Otros,195040.29862736084,0
2025-10-01,ANALGESICO + ANTIPERETICO TABLETAS 2,Cliente 1,340808.85122930113,0
2025-11-01,ANALGESICO + ANTIPERETICO TABLETAS 2,Cliente 1,374451.5923788189,0
2025-12-01,ANALGESICO + ANTIPERETICO TABLETAS 2,Cliente 1,269226.54282147664,0
2026-01-01,ANALGESICO + ANTIPERETICO TABLETAS 2,Cliente 1,371435.6151849977,0
2026-02-01,ANALGESICO + ANTIPERETICO TABLETAS 2,Cliente 1,446244.97099938506,0
2026-03-01,ANALGESICO + ANTIPERETICO TABLETAS 2,Cliente 1,324991.65599075716,0
2026-04-01,ANALGESICO + ANTIPERETICO TABLETAS 2,Cliente 1,327626.8434249931,0
2026-05-01,ANALGESICO + ANTIPERETICO TABLETAS 2,Cliente 1,286076.0840720839,0
2026-06-01,ANALGESICO + ANTIPERETICO TABLETAS 2,Cliente 1,174955.30387610302,0
2026-07-01,ANALGESICO + ANTIPERETICO TABLETAS 2,Cliente 1,224960.4818186549,0
2026-08-01,ANALGESICO + ANTIPERETICO TABLETAS 2,Cliente 1,269945.18455560616,0
2026-09-01,ANALGESICO + ANTIPERETICO TABLETAS 2,Cliente 1,300909.3357258987,0
2025-10-01,ANALGESICO + ANTIPERETICO TABLETAS 2,Cliente 2,103549.56368156685,0
2025-11-01,ANALGESICO + ANTIPERETICO TABLETAS 2,Cliente 2,136730.00386582103,0
2025-12-01,ANALGESICO + ANTIPERETICO TABLETAS 2,Cliente 2,153955.46114781246,0
2026-01-01,ANALGESICO + ANTIPERETICO TABLETAS 2,Cliente 2,252450.98786991797,0
2026-02-01,ANALGESICO + ANTIPERETICO TABLETAS 2,Cliente 2,251773.1155792412,0
2026-03-01,ANALGESICO + ANTIPERETICO TABLETAS 2,Cliente 2,308168.69244083035,0
2026-04-01,ANALGESICO + ANTIPERETICO TABLETAS 2,Cliente 2,237021.72601289468,0
2026-05-01,ANALGESICO + ANTIPERETICO TABLETAS 2,Cliente 2,117456.69339179958,0
2026-06-01,ANALGESICO + ANTIPERETICO TABLETAS 2,Cliente 2,122659.53310473791,0
2026-07-01,ANALGESICO + ANTIPERETICO TABLETAS 2,Cliente 2,96438.56309652496,0
2026-08-01,ANALGESICO + ANTIPERETICO TABLETAS 2,Cliente 2,115581.3365606735,0
2026-09-01,ANALGESICO + ANTIPERETICO TABLETAS 2,Cliente 2,201714.91696937615,0
2025-10-01,ANALGESICO + ANTIPERETICO TABLETAS 2,Cliente 3,248477.54985922886,0
2025-11-01,ANALGESICO + ANTIPERETICO TABLETAS 2,Cliente 3,287208.9801020453,0
2025-12-01,ANALGESICO + ANTIPERETICO TABLETAS 2,Cliente 3,214801.19279434462,0
2026-01-01,ANALGESICO + ANTIPERETICO TABLETAS 2,Cliente 3,454671.7375061819,0
2026-02-01,ANALGESICO + ANTIPERETICO TABLETAS 2,Cliente 3,374122.35544013575,0
2026-03-01,ANALGESICO + ANTIPERETICO TABLETAS 2,Cliente 3,236866.29565765776,0
2026-04-01,ANALGESICO + ANTIPERETICO TABLETAS 2,Cliente 3,167532.44435501358,0
2026-05-01,ANALGESICO + ANTIPERETICO TABLETAS 2,Cliente 3,144427.93669623722,0
2026-06-01,ANALGESICO + ANTIPERETICO TABLETAS 2,Cliente 3,255459.51167479475,0
2026-07-01,ANALGESICO + ANTIPERETICO TABLETAS 2,Cliente 3,285021.0265063601,0
2026-08-01,ANALGESICO + ANTIPERETICO TABLETAS 2,Cliente 3,258543.59495702316,0
2026-09-01,ANALGESICO + ANTIPERETICO TABLETAS 2,Cliente 3,186473.34128929256,0
2025-10-01,ANALGESICO + ANTIPERETICO TABLETAS 2,Cliente 5,97551.12903365753,0
2025-11-01,ANALGESICO + ANTIPERETICO TABLETAS 2,Cliente 5,77730.48626205063,0
2025-12-01,ANALGESICO + ANTIPERETICO TABLETAS 2,Cliente 5,98874.92745079896,0
2026-01-01,ANALGESICO + ANTIPERETICO TABLETAS 2,Cliente 5,106033.60670473124,0
2026-02-01,ANALGESICO + ANTIPERETICO TABLETAS 2,Cliente 5,72656.98286169358,0
2026-03-01,ANALGESICO + ANTIPERETICO TABLETAS 2,Cliente 5,95663.43771588127,0
2026-04-01,ANALGESICO + ANTIPERETICO TABLETAS 2,Cliente 5,82535.98361965791,0
2026-05-01,ANALGESICO + ANTIPERETICO TABLETAS 2,Cliente 5,71354.29211896894,0
2026-06-01,ANALGESICO + ANTIPERETICO TABLETAS 2,Cliente 5,56723.852551124546,0
2026-07-01,ANALGESICO + ANTIPERETICO TABLETAS 2,Cliente 5,40302.90838848767,0
2026-08-01,ANALGESICO + ANTIPERETICO TABLETAS 2,Cliente 5,61629.125138235955,0
2026-09-01,ANALGESICO + ANTIPERETICO TABLETAS 2,Cliente 5,62915.2026527458,0
2025-10-01,ANALGESICO + ANTIPERETICO TABLETAS 2,Cliente Otros,150694.60716765255,0
2025-11-01,ANALGESICO + ANTIPERETICO TABLETAS 2,Cliente Otros,107379.93300641458,0
2025-12-01,ANALGESICO + ANTIPERETICO TABLETAS 2,Cliente Otros,91710.52622611454,0
2026-01-01,ANALGESICO + ANTIPERETICO TABLETAS 2,Cliente Otros,162987.2591131716,0
2026-02-01,ANALGESICO + ANTIPERETICO TABLETAS 2,Cliente Otros,165925.2940493682,0
2026-03-01,ANALGESICO + ANTIPERETICO TABLETAS 2,Cliente Otros,170827.73993631746,0
2026-04-01,ANALGESICO + ANTIPERETICO TABLETAS 2,Cliente Otros,135025.4940528464,0
2026-05-01,ANALGESICO + ANTIPERETICO TABLETAS 2,Cliente Otros,107487.75556889836,0
2026-06-01,ANALGESICO + ANTIPERETICO TABLETAS 2,Cliente Otros,108224.43421749289,0
2026-07-01,ANALGESICO + ANTIPERETICO TABLETAS 2,Cliente Otros,101443.72694797146,0
2026-08-01,ANALGESICO + ANTIPERETICO TABLETAS 2,Cliente Otros,132408.63625154985,0
2026-09-01,ANALGESICO + ANTIPERETICO TABLETAS 2,Cliente Otros,112846.10302294418,0
2025-10-01,ANTIBIOTICO + ANTIFUNGICO CREMA,Cliente 1,788793.12295742,1
2025-11-01,ANTIBIOTICO + ANTIFUNGICO CREMA,Cliente 1,779677.8826733883,1
2025-12-01,ANTIBIOTICO + ANTIFUNGICO CREMA,Cliente 1,650619.4124344018,1
2026-01-01,ANTIBIOTICO + ANTIFUNGICO CREMA,Cliente 1,891519.5407312087,1
2026-02-01,ANTIBIOTICO + ANTIFUNGICO CREMA,Cliente 1,691083.5072011196,1
2026-03-01,ANTIBIOTICO + ANTIFUNGICO CREMA,Cliente 1,783731.3241570549,1
2026-04-01,ANTIBIOTICO + ANTIFUNGICO CREMA,Cliente 1,765899.5557290614,1
2026-05-01,ANTIBIOTICO + ANTIFUNGICO CREMA,Cliente 1,569636.690601956,1
2026-06-01,ANTIBIOTICO + ANTIFUNGICO CREMA,Cliente 1,481787.6721165304,1
2026-07-01,ANTIBIOTICO + ANTIFUNGICO CREMA,Cliente 1,596688.9329200165,1
2026-08-01,ANTIBIOTICO + ANTIFUNGICO CREMA,Cliente 1,494360.62492700695,1
2026-09-01,ANTIBIOTICO + ANTIFUNGICO CREMA,Cliente 1,739067.5751186871,1
2025-10-01,ANTIBIOTICO + ANTIFUNGICO CREMA,Cliente 2,493081.9141654425,1
2025-11-01,ANTIBIOTICO + ANTIFUNGICO CREMA,Cliente 2,535897.5635625139,1
2025-12-01,ANTIBIOTICO + ANTIFUNGICO CREMA,Cliente 2,485181.68989248946,1
2026-01-01,ANTIBIOTICO + ANTIFUNGICO CREMA,Cliente 2,458633.17237771506,1
2026-02-01,ANTIBIOTICO + ANTIFUNGICO CREMA,Cliente 2,333292.2583251693,1
2026-03-01,ANTIBIOTICO + ANTIFUNGICO CREMA,Cliente 2,528484.2662822359,1
2026-04-01,ANTIBIOTICO + ANTIFUNGICO CREMA,Cliente 2,534094.0356860094,1
2026-05-01,ANTIBIOTICO + ANTIFUNGICO CREMA,Cliente 2,370203.9507937135,1
2026-06-01,ANTIBIOTICO + ANTIFUNGICO CREMA,Cliente 2,534072.1746324929,1
2026-07-01,ANTIBIOTICO + ANTIFUNGICO CREMA,Cliente 2,688867.5958690936,1
2026-08-01,ANTIBIOTICO + ANTIFUNGICO CREMA,Cliente 2,475329.24600474717,1
2026-09-01,ANTIBIOTICO + ANTIFUNGICO CREMA,Cliente 2,402572.54030467785,1
2025-10-01,ANTIBIOTICO + ANTIFUNGICO CREMA,Cliente 3,1318400.8345437697,2
2025-11-01,ANTIBIOTICO + ANTIFUNGICO CREMA,Cliente 3,1435856.2040728983,2
2025-12-01,ANTIBIOTICO + ANTIFUNGICO CREMA,Cliente 3,306708.9409112826,2
2026-01-01,ANTIBIOTICO + ANTIFUNGICO CREMA,Cliente 3,1986868.9274775852,2
2026-02-01,ANTIBIOTICO + ANTIFUNGICO CREMA,Cliente 3,1025665.613597537,2
2026-03-01,ANTIBIOTICO + ANTIFUNGICO CREMA,Cliente 3,677660.044256896,2
2026-04-01,ANTIBIOTICO + ANTIFUNGICO CREMA,Cliente 3,1851940.26352703,2
2026-05-01,ANTIBIOTICO + ANTIFUNGICO CREMA,Cliente 3,533272.649373121,2
2026-06-01,ANTIBIOTICO + ANTIFUNGICO CREMA,Cliente 3,689507.7505739174,2
2026-07-01,ANTIBIOTICO + ANTIFUNGICO CREMA,Cliente 3,1256022.4932844855,2
2026-08-01,ANTIBIOTICO + ANTIFUNGICO CREMA,Cliente 3,1485827.4831146442,2
2026-09-01,ANTIBIOTICO + ANTIFUNGICO CREMA,Cliente 3,995095.6992879423,2
2025-10-01,ANTIBIOTICO + ANTIFUNGICO CREMA,Cliente 5,641660.2989836427,1
2025-11-01,ANTIBIOTICO + ANTIFUNGICO CREMA,Cliente 5,446699.4849594312,1
2025-12-01,ANTIBIOTICO + ANTIFUNGICO CREMA,Cliente 5,856566.7917578444,1
2026-01-01,ANTIBIOTICO + ANTIFUNGICO CREMA,Cliente 5,786976.6975162392,1
2026-02-01,ANTIBIOTICO + ANTIFUNGICO CREMA,Cliente 5,781713.2549319825,1
2026-03-01,ANTIBIOTICO + ANTIFUNGICO CREMA,Cliente 5,930954.3516820535,1
2026-04-01,ANTIBIOTICO + ANTIFUNGICO CREMA,Cliente 5,694710.2755104767,1
2026-05-01,ANTIBIOTICO + ANTIFUNGICO CREMA,Cliente 5,1089055.6628517362,1
2026-06-01,ANTIBIOTICO + ANTIFUNGICO CREMA,Cliente 5,1089676.8665699475,1
2026-07-01,ANTIBIOTICO + ANTIFUNGICO CREMA,Cliente 5,943027.9666652373,1
2026-08-01,ANTIBIOTICO + ANTIFUNGICO CREMA,Cliente 5,935219.3485647016,1
2026-09-01,ANTIBIOTICO + ANTIFUNGICO CREMA,Cliente 5,880511.9498035634,1
2025-10-01,ANTIBIOTICO + ANTIFUNGICO CREMA,Cliente Otros,1042620.70211927,1
2025-11-01,ANTIBIOTICO + ANTIFUNGICO CREMA,Cliente Otros,845597.7618812561,1
2025-12-01,ANTIBIOTICO + ANTIFUNGICO CREMA,Cliente Otros,575583.9678371005,1
2026-01-01,ANTIBIOTICO + ANTIFUNGICO CREMA,Cliente Otros,781090.9078492089,1
2026-02-01,ANTIBIOTICO + ANTIFUNGICO CREMA,Cliente Otros,813400.0144108097,1
2026-03-01,ANTIBIOTICO + ANTIFUNGICO CREMA,Cliente Otros,758091.845546253,1
2026-04-01,ANTIBIOTICO + ANTIFUNGICO CREMA,Cliente Otros,816916.7427564953,1
2026-05-01,ANTIBIOTICO + ANTIFUNGICO CREMA,Cliente Otros,846778.8775245212,1
2026-06-01,ANTIBIOTICO + ANTIFUNGICO CREMA,Cliente Otros,1085639.6835974758,1
2026-07-01,ANTIBIOTICO + ANTIFUNGICO CREMA,Cliente Otros,1070883.9020892128,1
2026-08-01,ANTIBIOTICO + ANTIFUNGICO CREMA,Cliente Otros,824353.181022597,1
2026-09-01,ANTIBIOTICO + ANTIFUNGICO CREMA,Cliente Otros,771147.276351407,1
2025-10-01,ANTIBIOTICO SOLUCIONES INYECTABLE 2,Cliente 1,329935.6471008631,0
2025-11-01,ANTIBIOTICO SOLUCIONES INYECTABLE 2,Cliente 1,279444.5441661196,0
2025-12-01,ANTIBIOTICO SOLUCIONES INYECTABLE 2,Cliente 1,324058.0007356068,0
2026-01-01,ANTIBIOTICO SOLUCIONES INYECTABLE 2,Cliente 1,364975.83509594033,0
2026-02-01,ANTIBIOTICO SOLUCIONES INYECTABLE 2,Cliente 1,402859.9901885011,0
2026-03-01,ANTIBIOTICO SOLUCIONES INYECTABLE 2,Cliente 1,324712.30843266705,0
2026-04-01,ANTIBIOTICO SOLUCIONES INYECTABLE 2,Cliente 1,323990.0528195129,0
2026-05-01,ANTIBIOTICO SOLUCIONES INYECTABLE 2,Cliente 1,322966.0417584887,0
2026-06-01,ANTIBIOTICO SOLUCIONES INYECTABLE 2,Cliente 1,288959.5028274743,0
2026-07-01,ANTIBIOTICO SOLUCIONES INYECTABLE 2,Cliente 1,291435.0758753447,0
2026-08-01,ANTIBIOTICO SOLUCIONES INYECTABLE 2,Cliente 1,283685.44235653843,0
2026-09-01,ANTIBIOTICO SOLUCIONES INYECTABLE 2,Cliente 1,289952.0554046688,0
2025-10-01,ANTIBIOTICO SOLUCIONES INYECTABLE 2,Cliente 2,124178.77261123847,0
2025-11-01,ANTIBIOTICO SOLUCIONES INYECTABLE 2,Cliente 2,121517.9661253655,0
2025-12-01,ANTIBIOTICO SOLUCIONES INYECTABLE 2,Cliente 2,70782.42423194856,0
2026-01-01,ANTIBIOTICO SOLUCIONES INYECTABLE 2,Cliente 2,235090.80167961706,0
2026-02-01,ANTIBIOTICO SOLUCIONES INYECTABLE 2,Cliente 2,89024.18337903418,0
2026-03-01,ANTIBIOTICO SOLUCIONES INYECTABLE 2,Cliente 2,270817.42019608273,0
2026-04-01,ANTIBIOTICO SOLUCIONES INYECTABLE 2,Cliente 2,119585.3904333047,0
2026-05-01,ANTIBIOTICO SOLUCIONES INYECTABLE 2,Cliente 2,40403.9099895421,0
2026-06-01,ANTIBIOTICO SOLUCIONES INYECTABLE 2,Cliente 2,136499.83171654507,0
2026-07-01,ANTIBIOTICO SOLUCIONES INYECTABLE 2,Cliente 2,124033.16790559312,0
2026-08-01,ANTIBIOTICO SOLUCIONES INYECTABLE 2,Cliente 2,40465.74768795632,0
2026-09-01,ANTIBIOTICO SOLUCIONES INYECTABLE 2,Cliente 2,43370.04066204332,0
2025-10-01,ANTIBIOTICO SOLUCIONES INYECTABLE 2,Cliente 3,901116.5045163054,3
2025-11-01,ANTIBIOTICO SOLUCIONES INYECTABLE 2,Cliente 3,778851.3176220712,3
2025-12-01,ANTIBIOTICO SOLUCIONES INYECTABLE 2,Cliente 3,341415.188024245,3
2026-01-01,ANTIBIOTICO SOLUCIONES INYECTABLE 2,Cliente 3,1168745.7367077805,3
2026-02-01,ANTIBIOTICO SOLUCIONES INYECTABLE 2,Cliente 3,340964.853327937,3
2026-03-01,ANTIBIOTICO SOLUCIONES INYECTABLE 2,Cliente 3,484455.67228325893,3
2026-04-01,ANTIBIOTICO SOLUCIONES INYECTABLE 2,Cliente 3,1008588.4304010281,3
2026-05-01,ANTIBIOTICO SOLUCIONES INYECTABLE 2,Cliente 3,209480.6409564142,3
2026-06-01,ANTIBIOTICO SOLUCIONES INYECTABLE 2,Cliente 3,250182.51832675957,3
2026-07-01,ANTIBIOTICO SOLUCIONES INYECTABLE 2,Cliente 3,808401.5876265833,3
2026-08-01,ANTIBIOTICO SOLUCIONES INYECTABLE 2,Cliente 3,219090.25342146875,3
2026-09-01,ANTIBIOTICO SOLUCIONES INYECTABLE 2,Cliente 3,409726.6028548661,3
2025-10-01,ANTIBIOTICO SOLUCIONES INYECTABLE 2,Cliente 5,228490.8249266746,0
2025-11-01,ANTIBIOTICO SOLUCIONES INYECTABLE 2,Cliente 5,48283.641970199766,0
2025-12-01,ANTIBIOTICO SOLUCIONES INYECTABLE 2,Cliente 5,163251.2412518442,0
2026-01-01,ANTIBIOTICO SOLUCIONES INYECTABLE 2,Cliente 5,181539.02375266107,0
2026-02-01,ANTIBIOTICO SOLUCIONES INYECTABLE 2,Cliente 5,244604.07600320518,0
2026-03-01,ANTIBIOTICO SOLUCIONES INYECTABLE 2,Cliente 5,342460.97495370725,0
2026-04-01,ANTIBIOTICO SOLUCIONES INYECTABLE 2,Cliente 5,51927.6302766479,0
2026-05-01,ANTIBIOTICO SOLUCIONES INYECTABLE 2,Cliente 5,52158.156525216094,0
2026-06-01,ANTIBIOTICO SOLUCIONES INYECTABLE 2,Cliente 5,60101.69229095916,0
2026-07-01,ANTIBIOTICO SOLUCIONES INYECTABLE 2,Cliente 5,47377.37945465126,0
2026-08-01,ANTIBIOTICO SOLUCIONES INYECTABLE 2,Cliente 5,145788.13990763444,0
2026-09-01,ANTIBIOTICO SOLUCIONES INYECTABLE 2,Cliente 5,72526.95210765618,0
2025-10-01,ANTIBIOTICO SOLUCIONES INYECTABLE 2,Cliente Otros,434119.69535033026,0
2025-11-01,ANTIBIOTICO SOLUCIONES INYECTABLE 2,Cliente Otros,151165.7553869017,0
2025-12-01,ANTIBIOTICO SOLUCIONES INYECTABLE 2,Cliente Otros,129947.75322338559,0
2026-01-01,ANTIBIOTICO SOLUCIONES INYECTABLE 2,Cliente Otros,288148.64669608936,0
2026-02-01,ANTIBIOTICO SOLUCIONES INYECTABLE 2,Cliente Otros,199416.15818243174,0
2026-03-01,ANTIBIOTICO SOLUCIONES INYECTABLE 2,Cliente Otros,148662.84464408338,0
2026-04-01,ANTIBIOTICO SOLUCIONES INYECTABLE 2,Cliente Otros,230218.5062314909,0
2026-05-01,ANTIBIOTICO SOLUCIONES INYECTABLE 2,Cliente Otros,179976.2282507878,0
2026-06-01,ANTIBIOTICO SOLUCIONES INYECTABLE 2,Cliente Otros,109319.58435716828,0
2026-07-01,ANTIBIOTICO SOLUCIONES INYECTABLE 2,Cliente Otros,163541.53404766202,0
2026-08-01,ANTIBIOTICO SOLUCIONES INYECTABLE 2,Cliente Otros,174458.0889789059,0
2026-09-01,ANTIBIOTICO SOLUCIONES INYECTABLE 2,Cliente Otros,293250.063626419,0
2025-10-01,ANTIBIOTICO SOLUCIONES INYECTABLE 3,Cliente 1,378573.49241050676,0
2025-11-01,ANTIBIOTICO SOLUCIONES INYECTABLE 3,Cliente 1,258445.89187731434,0
2025-12-01,ANTIBIOTICO SOLUCIONES INYECTABLE 3,Cliente 1,287152.27791475743,0
2026-01-01,ANTIBIOTICO SOLUCIONES INYECTABLE 3,Cliente 1,283692.6703995993,0
2026-02-01,ANTIBIOTICO SOLUCIONES INYECTABLE 3,Cliente 1,364891.78144978354,0
2026-03-01,ANTIBIOTICO SOLUCIONES INYECTABLE 3,Cliente 1,252070.7527212929,0
2026-04-01,ANTIBIOTICO SOLUCIONES INYECTABLE 3,Cliente 1,344216.4788353876,0
2026-05-01,ANTIBIOTICO SOLUCIONES INYECTABLE 3,Cliente 1,284232.0779372276,0
2026-06-01,ANTIBIOTICO SOLUCIONES INYECTABLE 3,Cliente 1,255366.59453795405,0
2026-07-01,ANTIBIOTICO SOLUCIONES INYECTABLE 3,Cliente 1,261927.43711573156,0
2026-08-01,ANTIBIOTICO SOLUCIONES INYECTABLE 3,Cliente 1,195870.09741689882,0
2026-09-01,ANTIBIOTICO SOLUCIONES INYECTABLE 3,Cliente 1,241727.2541885109,0
2025-10-01,ANTIBIOTICO SOLUCIONES INYECTABLE 3,Cliente 2,127671.21039191559,0
2025-11-01,ANTIBIOTICO SOLUCIONES INYECTABLE 3,Cliente 2,145633.86984746493,0
2025-12-01,ANTIBIOTICO SOLUCIONES INYECTABLE 3,Cliente 2,112263.95083426342,0
2026-01-01,ANTIBIOTICO SOLUCIONES INYECTABLE 3,Cliente 2,300002.6928384879,0
2026-02-01,ANTIBIOTICO SOLUCIONES INYECTABLE 3,Cliente 2,231037.21266032607,0
2026-03-01,ANTIBIOTICO SOLUCIONES INYECTABLE 3,Cliente 2,184491.86890537784,0
2026-04-01,ANTIBIOTICO SOLUCIONES INYECTABLE 3,Cliente 2,136689.58521292257,0
2026-05-01,ANTIBIOTICO SOLUCIONES INYECTABLE 3,Cliente 2,105341.07395186358,0
2026-06-01,ANTIBIOTICO SOLUCIONES INYECTABLE 3,Cliente 2,102339.53951367916,0
2026-07-01,ANTIBIOTICO SOLUCIONES INYECTABLE 3,Cliente 2,85117.83561080425,0
2026-08-01,ANTIBIOTICO SOLUCIONES INYECTABLE 3,Cliente 2,85994.168793626,0
2026-09-01,ANTIBIOTICO SOLUCIONES INYECTABLE 3,Cliente 2,92652.96221654408,0
2025-10-01,ANTIBIOTICO SOLUCIONES INYECTABLE 3,Cliente 3,687873.111748628,3
2025-11-01,ANTIBIOTICO SOLUCIONES INYECTABLE 3,Cliente 3,540083.5354459255,3
2025-12-01,ANTIBIOTICO SOLUCIONES INYECTABLE 3,Cliente 3,190367.80029473422,3
2026-01-01,ANTIBIOTICO SOLUCIONES INYECTABLE 3,Cliente 3,583813.6182197416,3
2026-02-01,ANTIBIOTICO SOLUCIONES INYECTABLE 3,Cliente 3,237674.71744056037,3
2026-03-01,ANTIBIOTICO SOLUCIONES INYECTABLE 3,Cliente 3,274104.6425217664,3
2026-04-01,ANTIBIOTICO SOLUCIONES INYECTABLE 3,Cliente 3,665072.059162051,3
2026-05-01,ANTIBIOTICO SOLUCIONES INYECTABLE 3,Cliente 3,133045.4465319277,3
2026-06-01,ANTIBIOTICO SOLUCIONES INYECTABLE 3,Cliente 3,99436.82858964214,3
2026-07-01,ANTIBIOTICO SOLUCIONES INYECTABLE 3,Cliente 3,396734.1046929893,3
2026-08-01,ANTIBIOTICO SOLUCIONES INYECTABLE 3,Cliente 3,74893.8067834222,3
2026-09-01,ANTIBIOTICO SOLUCIONES INYECTABLE 3,Cliente 3,278325.4824753436,3
2025-10-01,ANTIBIOTICO SOLUCIONES INYECTABLE 3,Cliente 5,232798.65880240547,0
2025-11-01,ANTIBIOTICO SOLUCIONES INYECTABLE 3,Cliente 5,209996.4146365795,0
2025-12-01,ANTIBIOTICO SOLUCIONES INYECTABLE 3,Cliente 5,157380.75215376678,0
2026-01-01,ANTIBIOTICO SOLUCIONES INYECTABLE 3,Cliente 5,356497.1401769251,0
2026-02-01,ANTIBIOTICO SOLUCIONES INYECTABLE 3,Cliente 5,280058.83209180797,0
2026-03-01,ANTIBIOTICO SOLUCIONES INYECTABLE 3,Cliente 5,176534.09954399173,0
2026-04-01,ANTIBIOTICO SOLUCIONES INYECTABLE 3,Cliente 5,135658.39465050126,0
2026-05-01,ANTIBIOTICO SOLUCIONES INYECTABLE 3,Cliente 5,119350.28863758413,0
2026-06-01,ANTIBIOTICO SOLUCIONES INYECTABLE 3,Cliente 5,120984.00047560275,0
2026-07-01,ANTIBIOTICO SOLUCIONES INYECTABLE 3,Cliente 5,112035.7314798028,0
2026-08-01,ANTIBIOTICO SOLUCIONES INYECTABLE 3,Cliente 5,186834.6046739757,0
2026-09-01,ANTIBIOTICO SOLUCIONES INYECTABLE 3,Cliente 5,135319.78697983612,0
2025-10-01,ANTIBIOTICO SOLUCIONES INYECTABLE 3,Cliente Otros,285309.0014913922,0
2025-11-01,ANTIBIOTICO SOLUCIONES INYECTABLE 3,Cliente Otros,156164.38358761324,0
2025-12-01,ANTIBIOTICO SOLUCIONES INYECTABLE 3,Cliente Otros,100513.15373738132,0
2026-01-01,ANTIBIOTICO SOLUCIONES INYECTABLE 3,Cliente Otros,285160.6334073644,0
2026-02-01,ANTIBIOTICO SOLUCIONES INYECTABLE 3,Cliente Otros,182638.56636170088,0
2026-03-01,ANTIBIOTICO SOLUCIONES INYECTABLE 3,Cliente Otros,134422.73576786168,0
2026-04-01,ANTIBIOTICO SOLUCIONES INYECTABLE 3,Cliente Otros,249846.89436458086,0
2026-05-01,ANTIBIOTICO SOLUCIONES INYECTABLE 3,Cliente Otros,112094.40841938277,0
2026-06-01,ANTIBIOTICO SOLUCIONES INYECTABLE 3,Cliente Otros,98973.4709662437,0
2026-07-01,ANTIBIOTICO SOLUCIONES INYECTABLE 3,Cliente Otros,172375.45526103806,0
2026-08-01,ANTIBIOTICO SOLUCIONES INYECTABLE 3,Cliente Otros,133826.1760816105,0
2026-09-01,ANTIBIOTICO SOLUCIONES INYECTABLE 3,Cliente Otros,119424.12470893127,0
2025-10-01,ANTIBIOTICO SOLUCIONES INYECTABLE ADULTO,Cliente 1,498990.2880021897,0
2025-11-01,ANTIBIOTICO SOLUCIONES INYECTABLE ADULTO,Cliente 1,455434.7625276802,0
2025-12-01,ANTIBIOTICO SOLUCIONES INYECTABLE ADULTO,Cliente 1,417053.52530513564,0
2026-01-01,ANTIBIOTICO SOLUCIONES INYECTABLE ADULTO,Cliente 1,373728.56481510034,0
2026-02-01,ANTIBIOTICO SOLUCIONES INYECTABLE ADULTO,Cliente 1,595255.4987271614,0
2026-03-01,ANTIBIOTICO SOLUCIONES INYECTABLE ADULTO,Cliente 1,463128.5508728144,0
2026-04-01,ANTIBIOTICO SOLUCIONES INYECTABLE ADULTO,Cliente 1,420433.811070153,0
2026-05-01,ANTIBIOTICO SOLUCIONES INYECTABLE ADULTO,Cliente 1,470414.4415101078,0
2026-06-01,ANTIBIOTICO SOLUCIONES INYECTABLE ADULTO,Cliente 1,356351.12022595434,0
2026-07-01,ANTIBIOTICO SOLUCIONES INYECTABLE ADULTO,Cliente 1,354858.2309690849,0
2026-08-01,ANTIBIOTICO SOLUCIONES INYECTABLE ADULTO,Cliente 1,447300.2988015763,0
2026-09-01,ANTIBIOTICO SOLUCIONES INYECTABLE ADULTO,Cliente 1,409432.9488094207,0
2025-10-01,ANTIBIOTICO SOLUCIONES INYECTABLE ADULTO,Cliente 2,167129.91353449284,0
2025-11-01,ANTIBIOTICO SOLUCIONES INYECTABLE ADULTO,Cliente 2,168748.41623908668,0
2025-12-01,ANTIBIOTICO SOLUCIONES INYECTABLE ADULTO,Cliente 2,121591.34346091213,0
2026-01-01,ANTIBIOTICO SOLUCIONES INYECTABLE ADULTO,Cliente 2,313125.46794134064,0
2026-02-01,ANTIBIOTICO SOLUCIONES INYECTABLE ADULTO,Cliente 2,159567.4113075977,0
2026-03-01,ANTIBIOTICO SOLUCIONES INYECTABLE ADULTO,Cliente 2,164234.05981750248,0
2026-04-01,ANTIBIOTICO SOLUCIONES INYECTABLE ADULTO,Cliente 2,146927.93298207305,0
2026-05-01,ANTIBIOTICO SOLUCIONES INYECTABLE ADULTO,Cliente 2,103333.83410507832,0
2026-06-01,ANTIBIOTICO SOLUCIONES INYECTABLE ADULTO,Cliente 2,97027.01674776404,0
2026-07-01,ANTIBIOTICO SOLUCIONES INYECTABLE ADULTO,Cliente 2,126200.0602092622,0
2026-08-01,ANTIBIOTICO SOLUCIONES INYECTABLE ADULTO,Cliente 2,109090.5172333813,0
2026-09-01,ANTIBIOTICO SOLUCIONES INYECTABLE ADULTO,Cliente 2,178106.2011704014,0
2025-10-01,ANTIBIOTICO SOLUCIONES INYECTABLE ADULTO,Cliente 3,265893.9080299771,0
2025-11-01,ANTIBIOTICO SOLUCIONES INYECTABLE ADULTO,Cliente 3,385179.97418411676,0
2025-12-01,ANTIBIOTICO SOLUCIONES INYECTABLE ADULTO,Cliente 3,472731.6572491343,0
2026-01-01,ANTIBIOTICO SOLUCIONES INYECTABLE ADULTO,Cliente 3,685032.2490530886,0
2026-02-01,ANTIBIOTICO SOLUCIONES INYECTABLE ADULTO,Cliente 3,381019.42392012826,0
2026-03-01,ANTIBIOTICO SOLUCIONES INYECTABLE ADULTO,Cliente 3,404682.32502205326,0
2026-04-01,ANTIBIOTICO SOLUCIONES INYECTABLE ADULTO,Cliente 3,409212.382756609,0
2026-05-01,ANTIBIOTICO SOLUCIONES INYECTABLE ADULTO,Cliente 3,225167.1834690487,0
2026-06-01,ANTIBIOTICO SOLUCIONES INYECTABLE ADULTO,Cliente 3,263609.9808028086,0
2026-07-01,ANTIBIOTICO SOLUCIONES INYECTABLE ADULTO,Cliente 3,424076.756338028,0
2026-08-01,ANTIBIOTICO SOLUCIONES INYECTABLE ADULTO,Cliente 3,315843.2670289475,0
2026-09-01,ANTIBIOTICO SOLUCIONES INYECTABLE ADULTO,Cliente 3,398764.3098262372,0
2025-10-01,ANTIBIOTICO SOLUCIONES INYECTABLE ADULTO,Cliente 5,114683.61224350442,0
2025-11-01,ANTIBIOTICO SOLUCIONES INYECTABLE ADULTO,Cliente 5,158229.4025329645,0
2025-12-01,ANTIBIOTICO SOLUCIONES INYECTABLE ADULTO,Cliente 5,123579.44140701176,0
2026-01-01,ANTIBIOTICO SOLUCIONES INYECTABLE ADULTO,Cliente 5,164281.25656217127,0
2026-02-01,ANTIBIOTICO SOLUCIONES INYECTABLE ADULTO,Cliente 5,183271.97833373453,0
2026-03-01,ANTIBIOTICO SOLUCIONES INYECTABLE ADULTO,Cliente 5,93291.73507145337,0
2026-04-01,ANTIBIOTICO SOLUCIONES INYECTABLE ADULTO,Cliente 5,108727.39810193068,0
2026-05-01,ANTIBIOTICO SOLUCIONES INYECTABLE ADULTO,Cliente 5,94276.5648448211,0
2026-06-01,ANTIBIOTICO SOLUCIONES INYECTABLE ADULTO,Cliente 5,85843.0897507776,0
2026-07-01,ANTIBIOTICO SOLUCIONES INYECTABLE ADULTO,Cliente 5,132594.51602078017,0
2026-08-01,ANTIBIOTICO SOLUCIONES INYECTABLE ADULTO,Cliente 5,142166.11655486785,0
2026-09-01,ANTIBIOTICO SOLUCIONES INYECTABLE ADULTO,Cliente 5,105566.37128661158,0
2025-10-01,ANTIBIOTICO SOLUCIONES INYECTABLE ADULTO,Cliente Otros,231133.250465384,0
2025-11-01,ANTIBIOTICO SOLUCIONES INYECTABLE ADULTO,Cliente Otros,266879.73044859717,0
2025-12-01,ANTIBIOTICO SOLUCIONES INYECTABLE ADULTO,Cliente Otros,240127.85188099937,0
2026-01-01,ANTIBIOTICO SOLUCIONES INYECTABLE ADULTO,Cliente Otros,436081.8456467346,0
2026-02-01,ANTIBIOTICO SOLUCIONES INYECTABLE ADULTO,Cliente Otros,194900.68335958399,0
2026-03-01,ANTIBIOTICO SOLUCIONES INYECTABLE ADULTO,Cliente Otros,188584.64099704832,0
2026-04-01,ANTIBIOTICO SOLUCIONES INYECTABLE ADULTO,Cliente Otros,181801.77181886326,0
2026-05-01,ANTIBIOTICO SOLUCIONES INYECTABLE ADULTO,Cliente Otros,208312.022035828,0
2026-06-01,ANTIBIOTICO SOLUCIONES INYECTABLE ADULTO,Cliente Otros,177465.01485866346,0
2026-07-01,ANTIBIOTICO SOLUCIONES INYECTABLE ADULTO,Cliente Otros,197126.97844583864,0
2026-08-01,ANTIBIOTICO SOLUCIONES INYECTABLE ADULTO,Cliente Otros,280894.8920380737,0
2026-09-01,ANTIBIOTICO SOLUCIONES INYECTABLE ADULTO,Cliente Otros,262604.70977225073,0
2025-10-01,ANTIPIRETICO SOLUCION PEDRIATRICO,Cliente 1,173183.99434478185,0
2025-11-01,ANTIPIRETICO SOLUCION PEDRIATRICO,Cliente 1,157475.4032430355,0
2025-12-01,ANTIPIRETICO SOLUCION PEDRIATRICO,Cliente 1,144746.63240981408,0
2026-01-01,ANTIPIRETICO SOLUCION PEDRIATRICO,Cliente 1,207042.46911297852,0
2026-02-01,ANTIPIRETICO SOLUCION PEDRIATRICO,Cliente 1,216532.546546106,0
2026-03-01,ANTIPIRETICO SOLUCION PEDRIATRICO,Cliente 1,171130.89111730029,0
2026-04-01,ANTIPIRETICO SOLUCION PEDRIATRICO,Cliente 1,198344.6119026553,0
2026-05-01,ANTIPIRETICO SOLUCION PEDRIATRICO,Cliente 1,185730.14133082377,0
2026-06-01,ANTIPIRETICO SOLUCION PEDRIATRICO,Cliente 1,201702.62929719096,0
2026-07-01,ANTIPIRETICO SOLUCION PEDRIATRICO,Cliente 1,184276.36435243077,0
2026-08-01,ANTIPIRETICO SOLUCION PEDRIATRICO,Cliente 1,171385.51039524304,0
2026-09-01,ANTIPIRETICO SOLUCION PEDRIATRICO,Cliente 1,178629.754455167,0
2025-10-01,ANTIPIRETICO SOLUCION PEDRIATRICO,Cliente 2,59984.388360971956,0
2025-11-01,ANTIPIRETICO SOLUCION PEDRIATRICO,Cliente 2,100410.77079683116,0
2025-12-01,ANTIPIRETICO SOLUCION PEDRIATRICO,Cliente 2,57058.00371349029,0
2026-01-01,ANTIPIRETICO SOLUCION PEDRIATRICO,Cliente 2,74158.9129639155,0
2026-02-01,ANTIPIRETICO SOLUCION PEDRIATRICO,Cliente 2,51108.74502067334,0
2026-03-01,ANTIPIRETICO SOLUCION PEDRIATRICO,Cliente 2,83869.76700728039,0
2026-04-01,ANTIPIRETICO SOLUCION PEDRIATRICO,Cliente 2,69408.08433906626,0
2026-05-01,ANTIPIRETICO SOLUCION PEDRIATRICO,Cliente 2,39082.74406822466,0
2026-06-01,ANTIPIRETICO SOLUCION PEDRIATRICO,Cliente 2,63082.990435092994,0
2026-07-01,ANTIPIRETICO SOLUCION PEDRIATRICO,Cliente 2,42463.35287234712,0
2026-08-01,ANTIPIRETICO SOLUCION PEDRIATRICO,Cliente 2,64304.234150611366,0
2026-09-01,ANTIPIRETICO SOLUCION PEDRIATRICO,Cliente 2,85259.39854941574,0
2025-10-01,ANTIPIRETICO SOLUCION PEDRIATRICO,Cliente 3,124130.56660684047,0
2025-11-01,ANTIPIRETICO SOLUCION PEDRIATRICO,Cliente 3,169637.5158011732,0
2025-12-01,ANTIPIRETICO SOLUCION PEDRIATRICO,Cliente 3,122845.97468127811,0
2026-01-01,ANTIPIRETICO SOLUCION PEDRIATRICO,Cliente 3,105556.30763952468,0
2026-02-01,ANTIPIRETICO SOLUCION PEDRIATRICO,Cliente 3,98727.1945946476,0
2026-03-01,ANTIPIRETICO SOLUCION PEDRIATRICO,Cliente 3,105729.15917775403,0
2026-04-01,ANTIPIRETICO SOLUCION PEDRIATRICO,Cliente 3,95566.76079904479,0
2026-05-01,ANTIPIRETICO SOLUCION PEDRIATRICO,Cliente 3,96720.08615849137,0
2026-06-01,ANTIPIRETICO SOLUCION PEDRIATRICO,Cliente 3,135617.69772921212,0
2026-07-01,ANTIPIRETICO SOLUCION PEDRIATRICO,Cliente 3,160384.4478099428,0
2026-08-01,ANTIPIRETICO SOLUCION PEDRIATRICO,Cliente 3,152022.01374013515,0
2026-09-01,ANTIPIRETICO SOLUCION PEDRIATRICO,Cliente 3,138771.2712289515,0
2025-10-01,ANTIPIRETICO SOLUCION PEDRIATRICO,Cliente 5,18223.583052352813,0
2025-11-01,ANTIPIRETICO SOLUCION PEDRIATRICO,Cliente 5,30498.11400604084,0
2025-12-01,ANTIPIRETICO SOLUCION PEDRIATRICO,Cliente 5,40058.23895285678,0
2026-01-01,ANTIPIRETICO SOLUCION PEDRIATRICO,Cliente 5,8485.922356746918,0
2026-02-01,ANTIPIRETICO SOLUCION PEDRIATRICO,Cliente 5,6106.737786694858,0
2026-03-01,ANTIPIRETICO SOLUCION PEDRIATRICO,Cliente 5,10856.083179304367,0
2026-04-01,ANTIPIRETICO SOLUCION PEDRIATRICO,Cliente 5,5783.375328620445,0
2026-05-01,ANTIPIRETICO SOLUCION PEDRIATRICO,Cliente 5,6449.942310767837,0
2026-06-01,ANTIPIRETICO SOLUCION PEDRIATRICO,Cliente 5,9150.345036840368,0
2026-07-01,ANTIPIRETICO SOLUCION PEDRIATRICO,Cliente 5,12293.379410712447,0
2026-08-01,ANTIPIRETICO SOLUCION PEDRIATRICO,Cliente 5,10851.129652687274,0
2026-09-01,ANTIPIRETICO SOLUCION PEDRIATRICO,Cliente 5,13380.432326114236,0
2025-10-01,ANTIPIRETICO SOLUCION PEDRIATRICO,Cliente Otros,94799.83213043725,0
2025-11-01,ANTIPIRETICO SOLUCION PEDRIATRICO,Cliente Otros,138056.60723715465,0
2025-12-01,ANTIPIRETICO SOLUCION PEDRIATRICO,Cliente Otros,69401.54469514044,0
2026-01-01,ANTIPIRETICO SOLUCION PEDRIATRICO,Cliente Otros,109162.11770583018,0
2026-02-01,ANTIPIRETICO SOLUCION PEDRIATRICO,Cliente Otros,59780.38887169383,0
2026-03-01,ANTIPIRETICO SOLUCION PEDRIATRICO,Cliente Otros,57620.93267790556,0
2026-04-01,ANTIPIRETICO SOLUCION PEDRIATRICO,Cliente Otros,85759.9822507442,0
2026-05-01,ANTIPIRETICO SOLUCION PEDRIATRICO,Cliente Otros,97298.89604693941,0
2026-06-01,ANTIPIRETICO SOLUCION PEDRIATRICO,Cliente Otros,67130.78670799414,0
2026-07-01,ANTIPIRETICO SOLUCION PEDRIATRICO,Cliente Otros,86371.03364939777,0
2026-08-01,ANTIPIRETICO SOLUCION PEDRIATRICO,Cliente Otros,48604.485995630086,0
2026-09-01,ANTIPIRETICO SOLUCION PEDRIATRICO,Cliente Otros,66993.10075933441,0
2025-10-01,ANTIPIRETICO SUSPENSION INFANTIL,Cliente 1,601765.8551478888,1
2025-11-01,ANTIPIRETICO SUSPENSION INFANTIL,Cliente 1,572112.925018252,1
2025-12-01,ANTIPIRETICO SUSPENSION INFANTIL,Cliente 1,554562.6159893298,1
2026-01-01,ANTIPIRETICO SUSPENSION INFANTIL,Cliente 1,837586.657545511,1
2026-02-01,ANTIPIRETICO SUSPENSION INFANTIL,Cliente 1,636593.3117045788,1
2026-03-01,ANTIPIRETICO SUSPENSION INFANTIL,Cliente 1,677287.377568364,1
2026-04-01,ANTIPIRETICO SUSPENSION INFANTIL,Cliente 1,640848.065020335,1
2026-05-01,ANTIPIRETICO SUSPENSION INFANTIL,Cliente 1,619999.4088982983,1
2026-06-01,ANTIPIRETICO SUSPENSION INFANTIL,Cliente 1,585570.6245193811,1
2026-07-01,ANTIPIRETICO SUSPENSION INFANTIL,Cliente 1,604617.5246689295,1
2026-08-01,ANTIPIRETICO SUSPENSION INFANTIL,Cliente 1,585790.0565131019,1
2026-09-01,ANTIPIRETICO SUSPENSION INFANTIL,Cliente 1,624623.567942331,1
2025-10-01,ANTIPIRETICO SUSPENSION INFANTIL,Cliente 2,442705.0134039771,0
2025-11-01,ANTIPIRETICO SUSPENSION INFANTIL,Cliente 2,281183.7259933818,0
2025-12-01,ANTIPIRETICO SUSPENSION INFANTIL,Cliente 2,177173.44531886486,0
2026-01-01,ANTIPIRETICO SUSPENSION INFANTIL,Cliente 2,274029.09630723443,0
2026-02-01,ANTIPIRETICO SUSPENSION INFANTIL,Cliente 2,201156.48712630442,0
2026-03-01,ANTIPIRETICO SUSPENSION INFANTIL,Cliente 2,348642.7479719111,0
2026-04-01,ANTIPIRETICO SUSPENSION INFANTIL,Cliente 2,92820.47942942899,0
2026-05-01,ANTIPIRETICO SUSPENSION INFANTIL,Cliente 2,56619.21948267857,0
2026-06-01,ANTIPIRETICO SUSPENSION INFANTIL,Cliente 2,126373.83451013762,0
2026-07-01,ANTIPIRETICO SUSPENSION INFANTIL,Cliente 2,159206.94522517253,0
2026-08-01,ANTIPIRETICO SUSPENSION INFANTIL,Cliente 2,94786.4439755368,0
2026-09-01,ANTIPIRETICO SUSPENSION INFANTIL,Cliente 2,249116.46423003674,0
2025-10-01,ANTIPIRETICO SUSPENSION INFANTIL,Cliente 3,299457.9174441247,0
2025-11-01,ANTIPIRETICO SUSPENSION INFANTIL,Cliente 3,737423.496730616,0
2025-12-01,ANTIPIRETICO SUSPENSION INFANTIL,Cliente 3,496413.5359631733,0
2026-01-01,ANTIPIRETICO SUSPENSION INFANTIL,Cliente 3,592947.4493547403,0
2026-02-01,ANTIPIRETICO SUSPENSION INFANTIL,Cliente 3,369284.36347418366,0
2026-03-01,ANTIPIRETICO SUSPENSION INFANTIL,Cliente 3,247070.73967342157,0
2026-04-01,ANTIPIRETICO SUSPENSION INFANTIL,Cliente 3,657638.4752914683,0
2026-05-01,ANTIPIRETICO SUSPENSION INFANTIL,Cliente 3,153300.01169171502,0
2026-06-01,ANTIPIRETICO SUSPENSION INFANTIL,Cliente 3,361514.4002030131,0
2026-07-01,ANTIPIRETICO SUSPENSION INFANTIL,Cliente 3,598899.3523744735,0
2026-08-01,ANTIPIRETICO SUSPENSION INFANTIL,Cliente 3,250544.03094470545,0
2026-09-01,ANTIPIRETICO SUSPENSION INFANTIL,Cliente 3,349913.5273245222,0
2025-10-01,ANTIPIRETICO SUSPENSION INFANTIL,Cliente 5,147030.5113783568,0
2025-11-01,ANTIPIRETICO SUSPENSION INFANTIL,Cliente 5,154458.26929391501,0
2025-12-01,ANTIPIRETICO SUSPENSION INFANTIL,Cliente 5,308198.25882656727,0
2026-01-01,ANTIPIRETICO SUSPENSION INFANTIL,Cliente 5,100142.0146323617,0
2026-02-01,ANTIPIRETICO SUSPENSION INFANTIL,Cliente 5,102499.64513010382,0
2026-03-01,ANTIPIRETICO SUSPENSION INFANTIL,Cliente 5,118607.52349571495,0
2026-04-01,ANTIPIRETICO SUSPENSION INFANTIL,Cliente 5,70189.07457735919,0
2026-05-01,ANTIPIRETICO SUSPENSION INFANTIL,Cliente 5,57328.9719217337,0
2026-06-01,ANTIPIRETICO SUSPENSION INFANTIL,Cliente 5,73394.60256028992,0
2026-07-01,ANTIPIRETICO SUSPENSION INFANTIL,Cliente 5,66830.21563473731,0
2026-08-01,ANTIPIRETICO SUSPENSION INFANTIL,Cliente 5,76790.22119385518,0
2026-09-01,ANTIPIRETICO SUSPENSION INFANTIL,Cliente 5,110390.40473534643,0
2025-10-01,ANTIPIRETICO SUSPENSION INFANTIL,Cliente Otros,484307.9973359392,0
2025-11-01,ANTIPIRETICO SUSPENSION INFANTIL,Cliente Otros,424520.6686876624,0
2025-12-01,ANTIPIRETICO SUSPENSION INFANTIL,Cliente Otros,373085.8800797967,0
2026-01-01,ANTIPIRETICO SUSPENSION INFANTIL,Cliente Otros,428660.842597659,0
2026-02-01,ANTIPIRETICO SUSPENSION INFANTIL,Cliente Otros,433722.71612972923,0
2026-03-01,ANTIPIRETICO SUSPENSION INFANTIL,Cliente Otros,290195.70120136713,0
2026-04-01,ANTIPIRETICO SUSPENSION INFANTIL,Cliente Otros,279082.5176490899,0
2026-05-01,ANTIPIRETICO SUSPENSION INFANTIL,Cliente Otros,224923.88486515277,0
2026-06-01,ANTIPIRETICO SUSPENSION INFANTIL,Cliente Otros,231018.43083976358,0
2026-07-01,ANTIPIRETICO SUSPENSION INFANTIL,Cliente Otros,249419.05774143888,0
2026-08-01,ANTIPIRETICO SUSPENSION INFANTIL,Cliente Otros,200481.13363444115,0
2026-09-01,ANTIPIRETICO SUSPENSION INFANTIL,Cliente Otros,277293.73669568467,0
2025-10-01,ANTIREUMATOIDE TABLETAS,Cliente 1,218466.40970059365,0
2025-11-01,ANTIREUMATOIDE TABLETAS,Cliente 1,246895.73963716152,0
2025-12-01,ANTIREUMATOIDE TABLETAS,Cliente 1,181050.93026304207,0
2026-01-01,ANTIREUMATOIDE TABLETAS,Cliente 1,182103.03081040864,0
2026-02-01,ANTIREUMATOIDE TABLETAS,Cliente 1,188008.33315467127,0
2026-03-01,ANTIREUMATOIDE TABLETAS,Cliente 1,169716.8914295792,0
2026-04-01,ANTIREUMATOIDE TABLETAS,Cliente 1,177978.3082899195,0
2026-05-01,ANTIREUMATOIDE TABLETAS,Cliente 1,235448.30465197933,0
2026-06-01,ANTIREUMATOIDE TABLETAS,Cliente 1,178453.37072593466,0
2026-07-01,ANTIREUMATOIDE TABLETAS,Cliente 1,143884.7634204002,0
2026-08-01,ANTIREUMATOIDE TABLETAS,Cliente 1,181930.48804235295,0
2026-09-01,ANTIREUMATOIDE TABLETAS,Cliente 1,170183.01011568122,0
2025-10-01,ANTIREUMATOIDE TABLETAS,Cliente 2,133083.2647049254,0
2025-11-01,ANTIREUMATOIDE TABLETAS,Cliente 2,185276.00507911536,0
2025-12-01,ANTIREUMATOIDE TABLETAS,Cliente 2,270110.15959092946,0
2026-01-01,ANTIREUMATOIDE TABLETAS,Cliente 2,148135.62807372524,0
2026-02-01,ANTIREUMATOIDE TABLETAS,Cliente 2,137335.83433485025,0
2026-03-01,ANTIREUMATOIDE TABLETAS,Cliente 2,219939.0947702798,0
2026-04-01,ANTIREUMATOIDE TABLETAS,Cliente 2,190656.21069000327,0
2026-05-01,ANTIREUMATOIDE TABLETAS,Cliente 2,206144.0306800755,0
2026-06-01,ANTIREUMATOIDE TABLETAS,Cliente 2,171792.51808312992,0
2026-07-01,ANTIREUMATOIDE TABLETAS,Cliente 2,115893.61396003533,0
2026-08-01,ANTIREUMATOIDE TABLETAS,Cliente 2,144242.5754434498,0
2026-09-01,ANTIREUMATOIDE TABLETAS,Cliente 2,131187.09560575717,0
2025-10-01,ANTIREUMATOIDE TABLETAS,Cliente 3,134130.58408951183,0
2025-11-01,ANTIREUMATOIDE TABLETAS,Cliente 3,80610.27667743592,0
2025-12-01,ANTIREUMATOIDE TABLETAS,Cliente 3,155026.08176234187,0
2026-01-01,ANTIREUMATOIDE TABLETAS,Cliente 3,103405.17756930448,0
2026-02-01,ANTIREUMATOIDE TABLETAS,Cliente 3,83943.97410364165,0
2026-03-01,ANTIREUMATOIDE TABLETAS,Cliente 3,89552.63838980503,0
2026-04-01,ANTIREUMATOIDE TABLETAS,Cliente 3,114576.1936511484,0
2026-05-01,ANTIREUMATOIDE TABLETAS,Cliente 3,80448.6919545899,0
2026-06-01,ANTIREUMATOIDE TABLETAS,Cliente 3,135398.31058866976,0
2026-07-01,ANTIREUMATOIDE TABLETAS,Cliente 3,99617.91862674861,0
2026-08-01,ANTIREUMATOIDE TABLETAS,Cliente 3,90045.3518085892,0
2026-09-01,ANTIREUMATOIDE TABLETAS,Cliente 3,94042.06066831098,0
2025-10-01,ANTIREUMATOIDE TABLETAS,Cliente 5,19918.797207640524,0
2025-11-01,ANTIREUMATOIDE TABLETAS,Cliente 5,21030.24921965897,0
2025-12-01,ANTIREUMATOIDE TABLETAS,Cliente 5,50474.646239077294,0
2026-01-01,ANTIREUMATOIDE TABLETAS,Cliente 5,21932.601790216755,0
2026-02-01,ANTIREUMATOIDE TABLETAS,Cliente 5,27131.16014531275,0
2026-03-01,ANTIREUMATOIDE TABLETAS,Cliente 5,28992.896534085256,0
2026-04-01,ANTIREUMATOIDE TABLETAS,Cliente 5,14096.405627693275,0
2026-05-01,ANTIREUMATOIDE TABLETAS,Cliente 5,43807.95826475465,0
2026-06-01,ANTIREUMATOIDE TABLETAS,Cliente 5,51830.88952924879,0
2026-07-01,ANTIREUMATOIDE TABLETAS,Cliente 5,11978.693008243225,0
2026-08-01,ANTIREUMATOIDE TABLETAS,Cliente 5,14385.921272322934,0
2026-09-01,ANTIREUMATOIDE TABLETAS,Cliente 5,22375.417008191023,0
2025-10-01,ANTIREUMATOIDE TABLETAS,Cliente Otros,90494.90173098048,0
2025-11-01,ANTIREUMATOIDE TABLETAS,Cliente Otros,105187.04910977522,0
2025-12-01,ANTIREUMATOIDE TABLETAS,Cliente Otros,90941.36339138752,0
2026-01-01,ANTIREUMATOIDE TABLETAS,Cliente Otros,173559.99567064937,0
2026-02-01,ANTIREUMATOIDE TABLETAS,Cliente Otros,165951.10262383634,0
2026-03-01,ANTIREUMATOIDE TABLETAS,Cliente Otros,130589.08446657647,0
2026-04-01,ANTIREUMATOIDE TABLETAS,Cliente Otros,130570.15668534445,0
2026-05-01,ANTIREUMATOIDE TABLETAS,Cliente Otros,132431.94052646033,0
2026-06-01,ANTIREUMATOIDE TABLETAS,Cliente Otros,150593.81149421606,0
2026-07-01,ANTIREUMATOIDE TABLETAS,Cliente Otros,137378.52332959836,0
2026-08-01,ANTIREUMATOIDE TABLETAS,Cliente Otros,148910.4515361136,0
2026-09-01,ANTIREUMATOIDE TABLETAS,Cliente Otros,126724.3084146314,0
2025-10-01,DESCONGESTIONANTE SOLUCION NASAL ADULTO,Cliente 1,201454.08602479822,0
2025-11-01,DESCONGESTIONANTE SOLUCION NASAL ADULTO,Cliente 1,199162.312380597,0
2025-12-01,DESCONGESTIONANTE SOLUCION NASAL ADULTO,Cliente 1,191390.92739345587,0
2026-01-01,DESCONGESTIONANTE SOLUCION NASAL ADULTO,Cliente 1,274049.8502351567,0
2026-02-01,DESCONGESTIONANTE SOLUCION NASAL ADULTO,Cliente 1,253225.5355794806,0
2026-03-01,DESCONGESTIONANTE SOLUCION NASAL ADULTO,Cliente 1,250889.0204591915,0
2026-04-01,DESCONGESTIONANTE SOLUCION NASAL ADULTO,Cliente 1,255669.48504206561,0
2026-05-01,DESCONGESTIONANTE SOLUCION NASAL ADULTO,Cliente 1,279156.05759123556,0
2026-06-01,DESCONGESTIONANTE SOLUCION NASAL ADULTO,Cliente 1,240687.3699544739,0
2026-07-01,DESCONGESTIONANTE SOLUCION NASAL ADULTO,Cliente 1,205876.75199464345,0
2026-08-01,DESCONGESTIONANTE SOLUCION NASAL ADULTO,Cliente 1,208818.737268202,0
2026-09-01,DESCONGESTIONANTE SOLUCION NASAL ADULTO,Cliente 1,230930.07968217865,0
2025-10-01,DESCONGESTIONANTE SOLUCION NASAL ADULTO,Cliente 2,120262.63902702741,0
2025-11-01,DESCONGESTIONANTE SOLUCION NASAL ADULTO,Cliente 2,85800.35573892474,0
2025-12-01,DESCONGESTIONANTE SOLUCION NASAL ADULTO,Cliente 2,122559.83887242239,0
2026-01-01,DESCONGESTIONANTE SOLUCION NASAL ADULTO,Cliente 2,206845.67921277214,0
2026-02-01,DESCONGESTIONANTE SOLUCION NASAL ADULTO,Cliente 2,61268.4204695691,0
2026-03-01,DESCONGESTIONANTE SOLUCION NASAL ADULTO,Cliente 2,169009.64254736007,0
2026-04-01,DESCONGESTIONANTE SOLUCION NASAL ADULTO,Cliente 2,154300.6982757564,0
2026-05-01,DESCONGESTIONANTE SOLUCION NASAL ADULTO,Cliente 2,63754.68405611865,0
2026-06-01,DESCONGESTIONANTE SOLUCION NASAL ADULTO,Cliente 2,68703.1250537743,0
2026-07-01,DESCONGESTIONANTE SOLUCION NASAL ADULTO,Cliente 2,54702.06293512384,0
2026-08-01,DESCONGESTIONANTE SOLUCION NASAL ADULTO,Cliente 2,57377.537412377154,0
2026-09-01,DESCONGESTIONANTE SOLUCION NASAL ADULTO,Cliente 2,104769.5704246259,0
2025-10-01,DESCONGESTIONANTE SOLUCION NASAL ADULTO,Cliente 3,119153.45866971657,0
2025-11-01,DESCONGESTIONANTE SOLUCION NASAL ADULTO,Cliente 3,89974.5971818746,0
2025-12-01,DESCONGESTIONANTE SOLUCION NASAL ADULTO,Cliente 3,91721.28934651516,0
2026-01-01,DESCONGESTIONANTE SOLUCION NASAL ADULTO,Cliente 3,158088.46140537324,0
2026-02-01,DESCONGESTIONANTE SOLUCION NASAL ADULTO,Cliente 3,99590.25770538773,0
2026-03-01,DESCONGESTIONANTE SOLUCION NASAL ADULTO,Cliente 3,176143.22434455247,0
2026-04-01,DESCONGESTIONANTE SOLUCION NASAL ADULTO,Cliente 3,148567.75340732298,0
2026-05-01,DESCONGESTIONANTE SOLUCION NASAL ADULTO,Cliente 3,52002.338135617254,0
2026-06-01,DESCONGESTIONANTE SOLUCION NASAL ADULTO,Cliente 3,92977.58030801638,0
2026-07-01,DESCONGESTIONANTE SOLUCION NASAL ADULTO,Cliente 3,103441.6139241275,0
2026-08-01,DESCONGESTIONANTE SOLUCION NASAL ADULTO,Cliente 3,63530.44153776308,0
2026-09-01,DESCONGESTIONANTE SOLUCION NASAL ADULTO,Cliente 3,100658.55379624962,0
2025-10-01,DESCONGESTIONANTE SOLUCION NASAL ADULTO,Cliente 5,54508.324309819436,0
2025-11-01,DESCONGESTIONANTE SOLUCION NASAL ADULTO,Cliente 5,92660.7523440522,0
2025-12-01,DESCONGESTIONANTE SOLUCION NASAL ADULTO,Cliente 5,50491.51669565506,0
2026-01-01,DESCONGESTIONANTE SOLUCION NASAL ADULTO,Cliente 5,103014.18051373691,0
2026-02-01,DESCONGESTIONANTE SOLUCION NASAL ADULTO,Cliente 5,74977.09584346057,0
2026-03-01,DESCONGESTIONANTE SOLUCION NASAL ADULTO,Cliente 5,73929.87453551326,0
2026-04-01,DESCONGESTIONANTE SOLUCION NASAL ADULTO,Cliente 5,61631.25327245055,0
2026-05-01,DESCONGESTIONANTE SOLUCION NASAL ADULTO,Cliente 5,67569.37821404282,0
2026-06-01,DESCONGESTIONANTE SOLUCION NASAL ADULTO,Cliente 5,34438.39432581261,0
2026-07-01,DESCONGESTIONANTE SOLUCION NASAL ADULTO,Cliente 5,47538.64662621595,0
2026-08-01,DESCONGESTIONANTE SOLUCION NASAL ADULTO,Cliente 5,59754.10283813771,0
2026-09-01,DESCONGESTIONANTE SOLUCION NASAL ADULTO,Cliente 5,61358.183100760216,0
2025-10-01,DESCONGESTIONANTE SOLUCION NASAL ADULTO,Cliente Otros,107404.52061169922,0
2025-11-01,DESCONGESTIONANTE SOLUCION NASAL ADULTO,Cliente Otros,123119.50230288332,0
2025-12-01,DESCONGESTIONANTE SOLUCION NASAL ADULTO,Cliente Otros,93849.67721031998,0
2026-01-01,DESCONGESTIONANTE SOLUCION NASAL ADULTO,Cliente Otros,147460.1638304094,0
2026-02-01,DESCONGESTIONANTE SOLUCION NASAL ADULTO,Cliente Otros,107785.49734961525,0
2026-03-01,DESCONGESTIONANTE SOLUCION NASAL ADULTO,Cliente Otros,90501.19856355731,0
2026-04-01,DESCONGESTIONANTE SOLUCION NASAL ADULTO,Cliente Otros,109795.81053168274,0
2026-05-01,DESCONGESTIONANTE SOLUCION NASAL ADULTO,Cliente Otros,81357.19053150539,0
2026-06-01,DESCONGESTIONANTE SOLUCION NASAL ADULTO,Cliente Otros,93109.33062742214,0
2026-07-01,DESCONGESTIONANTE SOLUCION NASAL ADULTO,Cliente Otros,51753.90680901272,0
2026-08-01,DESCONGESTIONANTE SOLUCION NASAL ADULTO,Cliente Otros,69776.64591761399,0
2026-09-01,DESCONGESTIONANTE SOLUCION NASAL ADULTO,Cliente Otros,90084.02605889297,0
